sayadi_number,series_number,bank_name,branch_name,issuer_name,payee_name,national_code,amount,due_date,status
123456789,001,بانک ملت,شعبه مرکزی,علی احمدی,فروشگاه پیانو,0012345678,30000000,1403-02-15,pending
987654321,002,بانک ملی,شعبه چهارباغ,فاطمه رضایی,فروشگاه پیانو,0023456789,40000000,1403-03-20,pending
456789123,003,بانک پارسیان,شعبه امام رضا,حسین کریمی,فروشگاه پیانو,0034567890,35000000,1403-04-10,pending
789123456,004,بانک تجارت,شعبه زند,زهرا نوری,فروشگاه پیانو,0045678901,15000000,1403-01-25,pending
321654987,005,بانک صادرات,شعبه امام,مهدی صادقی,فروشگاه پیانو,0056789012,45000000,1403-05-05,pending
654987321,006,بانک ملت,شعبه امام,نرگس جعفری,فروشگاه پیانو,0067890123,20000000,1403-06-15,pending
147258369,007,بانک ملی,شعبه شهید بهشتی,رضا محمودی,فروشگاه پیانو,0078901234,25000000,1403-07-20,pending
963852741,008,بانک پارسیان,شعبه امام,سارا احمدی,فروشگاه پیانو,0089012345,30000000,1403-08-10,pending
852963741,009,بانک تجارت,شعبه آزادی,امیر رضایی,فروشگاه پیانو,0090123456,35000000,1403-09-05,pending
741852963,010,بانک صادرات,شعبه امام,الهام کریمی,فروشگاه پیانو,0101234567,40000000,1403-10-15,pending 